"Species","ID","Groom","Forage","Mate","Sleep"
"Erithacus rubecula",8837,245,127,237,184
"Sturnus vulgaris",9282,234,177,245,158
"Erithacus rubecula",8772,247,111,245,186
"Carduelis carduelis",2179,232,108,302,152
"Sturnus vulgaris",9116,254,147,266,139
"Sturnus vulgaris",39,256,185,274,170
"Turdus merula",5314,284,114,260,154
"Sturnus vulgaris",4718,258,164,280,146
"Sturnus vulgaris",5952,233,160,252,150
"Passer domestius",424,241,128,268,221
"Passer domestius",5193,211,104,232,187
"Passer domestius",8785,218,122,240,222
"Sturnus vulgaris",9515,226,163,243,156
"Turdus merula",4507,303,117,279,159
"Sturnus vulgaris",6212,230,164,248,152
"Parus major",7544,254,104,274,150
"Sturnus vulgaris",3726,238,161,263,144
"Turdus merula",4846,286,137,250,181
"Erithacus rubecula",5105,242,116,244,186
"Sturnus vulgaris",1707,218,162,241,158
"Erithacus rubecula",5565,271,142,259,207
"Turdus merula",9179,292,116,253,156
"Passer domestius",5431,234,127,254,220
"Erithacus rubecula",4326,280,119,281,185
"Turdus merula",3468,305,130,286,174
"Passer domestius",290,266,139,285,215
"Parus major",4222,284,126,299,171
"Erithacus rubecula",2715,274,122,269,196
"Passer domestius",416,269,150,291,242
"Erithacus rubecula",9899,276,122,264,189
"Turdus merula",4587,297,120,269,168
"Erithacus rubecula",2052,257,108,254,173
"Passer domestius",9547,218,118,242,206
"Turdus merula",402,275,123,238,164
"Parus major",5428,271,127,292,162
"Erithacus rubecula",7323,267,115,257,174
"Parus major",1733,253,125,271,173
"Erithacus rubecula",2727,282,118,280,177
"Sturnus vulgaris",9141,219,166,238,147
"Passer domestius",6783,235,105,254,194
"Passer domestius",1888,252,119,275,198
"Erithacus rubecula",607,269,113,269,171
"Sturnus vulgaris",7027,212,168,232,154
"Erithacus rubecula",4272,281,124,276,185
"Erithacus rubecula",9943,296,115,291,182
"Erithacus rubecula",2240,270,135,265,197
"Parus major",6116,288,121,314,153
"Carduelis carduelis",7372,259,114,338,158
"Passer domestius",3358,251,116,273,207
"Carduelis carduelis",7470,242,110,313,152
"Turdus merula",5101,297,110,266,156
"Carduelis carduelis",9321,223,139,290,179
"Carduelis carduelis",9687,231,132,301,160
"Turdus merula",3139,270,121,241,155
"Passer domestius",2564,230,123,250,206
"Turdus merula",9186,300,114,275,156
"Turdus merula",2791,288,101,253,151
"Carduelis carduelis",542,230,105,306,149
"Sturnus vulgaris",5538,249,162,262,143
"Turdus merula",7478,274,104,246,142
"Carduelis carduelis",4507,241,113,305,156
"Carduelis carduelis",1649,258,107,331,150
"Carduelis carduelis",6496,262,127,328,166
"Erithacus rubecula",5758,269,111,263,165
"Erithacus rubecula",7959,254,113,254,177
"Parus major",5667,300,142,316,176
"Turdus merula",5951,301,123,268,166
"Carduelis carduelis",6081,245,132,313,183
"Turdus merula",1419,273,120,259,165
"Carduelis carduelis",2712,252,116,321,154
"Sturnus vulgaris",4066,248,167,272,166
"Sturnus vulgaris",6865,242,168,255,161
"Sturnus vulgaris",8610,251,159,270,158
"Carduelis carduelis",6671,239,133,301,176
"Turdus merula",3728,299,111,271,150
"Erithacus rubecula",5086,241,125,230,194
"Parus major",2579,309,109,327,153
"Parus major",2616,299,112,321,166
"Sturnus vulgaris",3713,237,165,254,148
"Carduelis carduelis",4317,253,125,326,156
"Erithacus rubecula",468,257,124,251,191
"Passer domestius",4170,233,118,250,204
"Passer domestius",7485,233,127,252,217
"Carduelis carduelis",4100,238,117,305,156
"Parus major",2537,297,103,317,140
"Parus major",7321,277,127,297,164
"Turdus merula",4436,297,120,270,159
"Passer domestius",6917,233,111,258,203
"Sturnus vulgaris",5013,219,168,240,155
"Turdus merula",9938,267,122,239,155
"Turdus merula",95,311,127,280,173
"Erithacus rubecula",2335,249,99,247,162
"Passer domestius",7986,222,141,240,228
"Passer domestius",6722,252,131,271,222
"Parus major",8732,311,130,329,183
"Parus major",5860,302,129,324,158
"Erithacus rubecula",2761,264,106,263,175
"Carduelis carduelis",5759,259,106,335,143
"Parus major",6996,290,121,316,167
"Sturnus vulgaris",9182,219,175,233,169
"Carduelis carduelis",9286,236,124,307,169
"Sturnus vulgaris",9572,194,179,212,171
"Turdus merula",7238,279,136,249,174
"Carduelis carduelis",6454,252,111,329,160
"Sturnus vulgaris",3177,232,166,245,153
"Erithacus rubecula",5255,278,141,272,201
"Parus major",7218,289,112,308,146
"Sturnus vulgaris",4323,238,169,253,159
"Carduelis carduelis",3880,256,121,327,163
"Sturnus vulgaris",8838,248,170,271,154
"Carduelis carduelis",1680,243,129,319,167
"Parus major",4596,290,133,303,180
"Erithacus rubecula",810,252,143,250,219
"Sturnus vulgaris",6824,252,180,275,178
"Turdus merula",3886,301,118,270,166
"Parus major",4945,312,122,329,157
"Parus major",9875,294,125,308,151
"Passer domestius",272,250,125,268,208
"Parus major",4176,313,105,342,140
"Sturnus vulgaris",4586,260,175,279,160
"Carduelis carduelis",2038,263,107,325,154
"Carduelis carduelis",6395,261,119,329,156
"Turdus merula",8359,283,90,254,122
"Parus major",8424,284,113,301,168
"Parus major",7582,293,141,315,176
"Parus major",7546,290,120,313,161
"Erithacus rubecula",6022,265,118,254,169
"Carduelis carduelis",7729,248,110,314,162
"Turdus merula",935,267,129,230,174
"Erithacus rubecula",7054,274,109,280,175
"Passer domestius",5759,244,120,269,210
"Sturnus vulgaris",7597,234,178,258,175
"Passer domestius",5858,270,124,285,209
"Passer domestius",7612,234,116,257,195
"Parus major",3061,293,116,311,155
"Passer domestius",5514,222,115,238,194
"Passer domestius",8515,245,121,262,213
"Carduelis carduelis",6397,252,112,314,143
"Passer domestius",723,238,133,270,218
"Parus major",6034,295,117,313,148
"Sturnus vulgaris",2708,237,194,257,185
"Parus major",5597,274,118,289,160
"Erithacus rubecula",7568,248,109,239,173
"Erithacus rubecula",2511,287,146,278,212
"Turdus merula",8223,285,111,258,150
"Turdus merula",5720,284,129,258,174
"Parus major",777,288,115,306,161
"Turdus merula",1248,307,120,275,159
"Carduelis carduelis",1905,249,106,312,143
"Passer domestius",1772,281,145,293,243
"Erithacus rubecula",4298,276,115,269,189
"Passer domestius",8541,267,102,286,180
"Parus major",487,288,127,305,168
"Carduelis carduelis",1940,247,126,316,171
"Sturnus vulgaris",784,212,182,232,184
"Sturnus vulgaris",4647,259,173,279,155
"Carduelis carduelis",772,232,129,306,169
"Carduelis carduelis",8042,245,118,316,158
"Sturnus vulgaris",8505,241,173,270,161
"Erithacus rubecula",236,238,111,235,168
"Passer domestius",7459,264,137,281,223
"Parus major",4227,290,127,308,171
"Parus major",6121,285,118,309,154
"Passer domestius",8741,221,140,239,225
"Turdus merula",8500,279,126,260,165
"Parus major",6833,311,123,327,169
"Turdus merula",4036,284,109,248,148
"Sturnus vulgaris",8866,237,167,257,165
"Sturnus vulgaris",8010,234,152,260,138
"Sturnus vulgaris",4228,270,191,282,188
"Erithacus rubecula",3541,263,105,262,172
"Passer domestius",6343,228,121,252,217
"Erithacus rubecula",7447,260,122,261,176
"Turdus merula",7053,272,118,236,164
"Parus major",7707,282,112,304,153
"Erithacus rubecula",9028,263,117,253,182
"Carduelis carduelis",8652,238,126,304,169
"Turdus merula",8598,315,121,289,169
"Passer domestius",7295,229,143,245,244
"Carduelis carduelis",2559,282,104,353,141
"Passer domestius",8826,222,107,244,197
"Sturnus vulgaris",2611,247,181,273,179
"Passer domestius",4554,242,118,263,208
"Carduelis carduelis",7910,254,132,319,173
"Turdus merula",3077,293,114,265,143
"Erithacus rubecula",4883,270,130,263,211
"Carduelis carduelis",3959,236,107,300,146
"Turdus merula",9208,291,113,264,156
"Sturnus vulgaris",8589,214,184,230,174
"Parus major",9293,315,110,335,149
"Turdus merula",1376,256,98,229,131
"Erithacus rubecula",6844,295,116,289,187
"Erithacus rubecula",7948,261,131,264,198
"Parus major",4011,293,113,318,154
"Parus major",2320,265,122,278,160
"Passer domestius",3183,261,115,282,201
"Passer domestius",8449,235,119,264,217
"Turdus merula",6831,326,136,297,174
"Carduelis carduelis",3592,250,133,324,170
"Carduelis carduelis",3036,238,134,319,171
"Parus major",10,319,135,349,172
"Parus major",9342,280,123,300,172
"Parus major",8722,305,103,333,146
"Carduelis carduelis",7231,237,105,298,145
"Passer domestius",3023,239,133,253,224
"Sturnus vulgaris",8684,228,163,252,161
"Sturnus vulgaris",8227,250,179,267,164
"Erithacus rubecula",6700,270,114,264,175
"Erithacus rubecula",7587,240,111,238,189
"Erithacus rubecula",5234,244,124,242,191
"Carduelis carduelis",3712,237,126,299,166
"Sturnus vulgaris",9348,218,176,238,172
"Parus major",8515,286,111,302,157
"Erithacus rubecula",6561,260,126,264,203
"Parus major",8519,283,135,300,169
"Sturnus vulgaris",6593,232,162,251,155
"Erithacus rubecula",5865,274,134,271,183
"Sturnus vulgaris",3396,258,182,280,159
"Carduelis carduelis",4133,223,107,299,147
"Turdus merula",9905,297,122,269,165
"Passer domestius",3065,218,127,233,206
"Sturnus vulgaris",8170,247,169,272,151
"Parus major",9243,295,128,318,170
"Turdus merula",4623,274,126,247,170
"Turdus merula",1450,275,131,248,177
"Erithacus rubecula",7136,267,115,271,179
"Sturnus vulgaris",2327,215,187,229,174
"Passer domestius",4787,240,116,261,195
"Passer domestius",8370,246,115,271,213
"Turdus merula",9752,262,121,237,163
"Turdus merula",5547,287,117,256,164
"Passer domestius",7174,217,98,239,205
"Turdus merula",8097,290,112,259,153
"Sturnus vulgaris",3332,254,171,282,154
"Parus major",8958,288,125,308,163
"Erithacus rubecula",7050,271,105,260,169
"Sturnus vulgaris",8610,228,178,242,172
"Sturnus vulgaris",1727,263,185,288,184
"Parus major",456,295,132,313,180
"Erithacus rubecula",9325,247,98,243,166
"Sturnus vulgaris",8369,273,182,292,164
"Turdus merula",4963,294,121,265,163
"Parus major",7632,297,128,321,159
"Passer domestius",8886,244,134,268,229
"Erithacus rubecula",6121,286,136,282,199
"Erithacus rubecula",5401,253,111,250,171
"Erithacus rubecula",9864,265,101,265,163
"Carduelis carduelis",9144,247,117,317,161
"Turdus merula",6046,300,114,268,154
"Erithacus rubecula",751,269,135,275,199
"Carduelis carduelis",1213,221,110,291,153
"Erithacus rubecula",5263,287,129,292,193
"Turdus merula",1711,283,127,255,168
"Carduelis carduelis",8833,273,126,340,163
"Erithacus rubecula",6337,254,127,244,193
"Parus major",2397,276,109,296,154
"Parus major",8411,277,125,300,159
"Carduelis carduelis",3044,249,118,322,151
"Passer domestius",1292,237,132,259,218
"Turdus merula",3975,297,127,260,170
"Erithacus rubecula",1562,226,108,211,185
"Sturnus vulgaris",759,265,167,294,166
"Turdus merula",9402,266,114,244,147
"Passer domestius",2300,221,121,240,208
"Turdus merula",2178,270,127,247,163
"Carduelis carduelis",1927,247,131,312,165
"Turdus merula",6386,276,115,252,151
"Passer domestius",5182,248,106,272,206
"Parus major",9589,324,120,340,155
"Erithacus rubecula",5474,264,109,259,173
"Passer domestius",7075,246,105,267,188
"Turdus merula",1302,283,103,261,138
"Passer domestius",2583,183,89,205,176
"Parus major",3594,290,127,313,170
"Erithacus rubecula",433,266,126,254,195
"Passer domestius",2271,201,118,221,204
"Erithacus rubecula",9452,235,122,222,192
"Erithacus rubecula",5938,250,111,245,169
"Erithacus rubecula",2544,258,115,248,188
"Passer domestius",4876,239,118,259,217
"Turdus merula",555,277,112,256,136
"Erithacus rubecula",7500,270,120,269,178
"Passer domestius",4248,215,120,231,211
"Passer domestius",3955,219,106,240,191
"Sturnus vulgaris",8441,243,166,260,160
"Sturnus vulgaris",435,234,151,245,140
"Passer domestius",9401,244,134,263,225
"Carduelis carduelis",550,245,112,319,144
"Passer domestius",1005,248,125,261,231
"Parus major",8793,307,126,324,163
"Passer domestius",5589,234,136,257,223
"Passer domestius",4497,236,127,249,214
"Carduelis carduelis",7086,236,122,304,158
"Carduelis carduelis",1995,231,111,301,154
"Carduelis carduelis",4405,241,124,307,160
"Carduelis carduelis",471,232,110,292,157
"Parus major",8962,287,138,313,181
"Erithacus rubecula",1333,253,138,244,210
"Turdus merula",3360,283,111,247,145
"Carduelis carduelis",7653,213,116,286,153
"Parus major",8711,276,89,297,125
"Turdus merula",6260,282,109,256,139
"Erithacus rubecula",6341,269,138,263,210
"Turdus merula",9593,288,132,256,170
"Parus major",2351,299,145,325,185
"Parus major",8867,276,111,301,161
"Erithacus rubecula",303,246,93,246,165
"Erithacus rubecula",9490,258,115,253,166
"Sturnus vulgaris",3601,253,167,268,165
"Sturnus vulgaris",3098,248,162,264,157
"Parus major",1976,284,119,302,157
"Erithacus rubecula",4130,254,116,237,184
"Passer domestius",4494,257,131,279,227
"Passer domestius",6185,198,122,220,216
"Passer domestius",3841,249,112,271,201
"Sturnus vulgaris",7519,251,165,274,144
"Parus major",5294,288,129,302,163
"Erithacus rubecula",8776,248,143,238,217
"Erithacus rubecula",4103,280,123,279,189
"Passer domestius",3910,202,114,217,206
"Erithacus rubecula",5887,264,97,254,167
"Passer domestius",9144,231,133,250,217
"Parus major",1482,321,114,342,152
"Erithacus rubecula",7116,258,108,245,171
"Sturnus vulgaris",8267,246,151,266,140
"Parus major",5179,267,138,288,166
"Erithacus rubecula",1861,257,114,248,184
"Turdus merula",3772,270,111,235,148
"Parus major",3362,268,111,288,162
"Sturnus vulgaris",8560,229,164,245,154
"Turdus merula",8738,303,120,271,165
"Passer domestius",843,245,108,264,197
"Carduelis carduelis",8203,242,122,312,155
"Parus major",6976,298,139,321,173
"Erithacus rubecula",7341,286,117,289,185
"Carduelis carduelis",4782,250,118,319,143
"Erithacus rubecula",3161,281,126,281,176
"Erithacus rubecula",5873,263,143,260,202
"Turdus merula",8504,278,95,246,143
"Turdus merula",2785,298,121,260,166
"Turdus merula",9858,320,124,282,159
"Carduelis carduelis",7146,258,111,334,149
"Turdus merula",6987,295,130,258,170
"Passer domestius",6779,227,124,234,217
"Sturnus vulgaris",5677,271,174,295,174
"Turdus merula",2597,298,115,269,157
"Parus major",3484,281,121,298,164
"Turdus merula",5139,303,132,268,181
"Passer domestius",8077,256,114,283,210
"Passer domestius",6601,255,93,270,183
"Sturnus vulgaris",2252,257,160,280,151
"Parus major",6758,283,131,310,175
"Erithacus rubecula",9057,249,113,244,173
"Turdus merula",1974,283,118,246,159
"Parus major",438,299,116,313,144
"Parus major",5624,321,105,340,152
"Erithacus rubecula",7147,256,121,252,194
"Erithacus rubecula",464,256,141,255,202
"Carduelis carduelis",7273,240,99,308,143
"Passer domestius",3846,257,137,280,242
"Parus major",228,281,136,304,187
"Carduelis carduelis",5491,279,125,347,159
"Sturnus vulgaris",2951,258,159,281,156
"Erithacus rubecula",6595,274,106,270,173
"Passer domestius",9227,240,106,262,200
"Parus major",2013,292,129,314,169
"Carduelis carduelis",1879,227,127,301,159
"Sturnus vulgaris",8980,262,166,285,151
"Turdus merula",3670,267,127,237,177
"Sturnus vulgaris",481,228,199,247,187
"Sturnus vulgaris",3612,247,157,271,152
"Erithacus rubecula",4806,265,128,260,192
"Turdus merula",5970,283,135,255,176
"Passer domestius",9300,235,116,252,203
"Parus major",1001,318,132,340,176
"Carduelis carduelis",3606,238,130,305,174
"Carduelis carduelis",3241,260,139,330,178
"Parus major",7529,287,106,303,146
"Passer domestius",8296,273,120,301,207
"Erithacus rubecula",3514,249,128,238,191
"Parus major",2327,290,124,312,160
"Sturnus vulgaris",6438,226,185,245,169
"Carduelis carduelis",6944,266,118,334,162
"Sturnus vulgaris",8480,218,181,239,187
"Carduelis carduelis",9681,212,122,281,152
"Passer domestius",7043,238,115,257,207
"Turdus merula",5043,305,126,269,180
"Sturnus vulgaris",3102,232,161,252,151
"Parus major",9170,275,128,289,177
"Passer domestius",5809,239,140,260,224
"Sturnus vulgaris",8502,253,173,280,163
"Turdus merula",9928,282,117,251,150
"Passer domestius",5833,230,117,251,204
"Turdus merula",6450,289,111,259,139
"Parus major",7550,262,125,292,162
"Parus major",9347,305,109,320,160
"Erithacus rubecula",9528,275,119,271,191
"Turdus merula",9435,296,106,262,142
"Parus major",7579,294,111,306,152
"Sturnus vulgaris",6827,223,182,236,161
"Passer domestius",4837,200,105,221,195
"Carduelis carduelis",4002,223,107,291,137
"Turdus merula",143,288,123,259,156
"Sturnus vulgaris",5001,228,175,242,163
"Passer domestius",9038,227,126,251,226
"Carduelis carduelis",6683,239,117,310,142
"Erithacus rubecula",9629,281,118,276,189
"Sturnus vulgaris",1072,218,170,242,175
"Carduelis carduelis",258,273,119,339,163
"Erithacus rubecula",8736,268,105,264,167
"Erithacus rubecula",5293,265,141,268,206
"Sturnus vulgaris",87,253,170,274,147
"Passer domestius",5873,243,138,268,223
"Parus major",8489,288,126,308,163
"Parus major",7435,291,124,315,166
"Turdus merula",5457,320,116,290,151
"Erithacus rubecula",2784,259,120,253,192
"Sturnus vulgaris",5247,258,168,286,162
"Parus major",2489,313,127,328,167
"Turdus merula",2288,279,118,246,169
"Erithacus rubecula",5635,275,121,271,182
"Erithacus rubecula",1931,257,110,244,184
"Parus major",4019,280,122,297,164
"Carduelis carduelis",3162,238,135,313,175
"Carduelis carduelis",9144,239,136,307,174
"Parus major",7459,254,114,271,158
"Parus major",8267,277,149,299,202
"Sturnus vulgaris",2789,235,168,253,155
"Sturnus vulgaris",4423,220,168,237,169
"Passer domestius",2938,249,111,269,196
"Turdus merula",3326,274,133,242,171
"Erithacus rubecula",2637,267,130,257,193
"Sturnus vulgaris",6172,226,167,242,144
"Passer domestius",9324,234,127,252,213
"Passer domestius",7413,236,118,266,214
"Erithacus rubecula",2574,263,127,259,201
"Turdus merula",4425,291,137,258,176
"Erithacus rubecula",1237,282,110,281,175
"Passer domestius",4506,243,103,266,184
"Sturnus vulgaris",8913,234,159,253,151
"Passer domestius",5279,241,111,261,198
"Erithacus rubecula",190,259,109,259,162
"Parus major",17,281,107,306,152
"Sturnus vulgaris",541,235,159,256,148
"Passer domestius",6240,234,122,255,222
"Passer domestius",9874,232,121,252,205
"Parus major",5450,275,117,297,156
"Parus major",1849,261,119,281,159
"Sturnus vulgaris",1357,234,171,245,167
"Passer domestius",5027,243,113,269,201
"Sturnus vulgaris",6216,226,164,243,145
"Turdus merula",6532,271,134,237,168
"Passer domestius",5301,262,102,277,190
"Turdus merula",9285,300,122,269,157
"Carduelis carduelis",4698,247,112,314,152
"Turdus merula",7650,286,125,260,168
"Sturnus vulgaris",9959,260,166,276,167
"Sturnus vulgaris",2966,222,169,245,158
"Parus major",7430,286,128,305,174
"Carduelis carduelis",1589,245,117,306,150
"Parus major",486,286,120,313,153
"Passer domestius",9892,255,120,275,216
"Parus major",5788,295,101,308,147
"Erithacus rubecula",7405,263,128,261,198
"Turdus merula",9016,269,117,243,152
"Parus major",6545,291,124,310,159
"Parus major",6064,271,130,290,171
"Carduelis carduelis",2459,215,137,284,174
"Sturnus vulgaris",836,278,173,294,154
"Sturnus vulgaris",8504,227,163,247,168
"Parus major",1300,300,124,325,159
"Passer domestius",8069,216,135,233,219
"Carduelis carduelis",648,229,112,295,151
"Carduelis carduelis",3960,239,100,320,136
"Turdus merula",2464,275,140,244,176
"Erithacus rubecula",6281,267,112,267,178
"Carduelis carduelis",7806,211,105,276,155
"Sturnus vulgaris",9249,232,168,244,159
"Erithacus rubecula",6886,266,134,249,206
"Carduelis carduelis",1896,223,115,290,152
"Sturnus vulgaris",5687,228,160,247,154
"Sturnus vulgaris",3833,234,166,259,155
"Erithacus rubecula",2991,290,120,287,190
"Passer domestius",6288,225,147,256,234
"Turdus merula",3476,297,123,264,157
"Turdus merula",8236,262,116,229,155
"Parus major",644,274,137,294,184
"Parus major",5920,323,127,342,162
"Passer domestius",189,209,134,239,224
"Parus major",8722,294,112,308,145
"Carduelis carduelis",9143,291,137,352,164
"Parus major",2872,295,116,321,156
"Turdus merula",8208,257,139,224,182
"Sturnus vulgaris",5906,229,166,247,153
"Erithacus rubecula",2202,285,120,276,179
"Parus major",9279,309,124,333,160
"Passer domestius",139,252,115,275,216
"Carduelis carduelis",150,255,114,321,149
"Erithacus rubecula",5002,286,140,275,203
"Sturnus vulgaris",5593,242,171,270,166
"Parus major",6227,331,123,352,163
"Turdus merula",3599,277,122,244,165
"Sturnus vulgaris",2214,250,163,274,156
"Sturnus vulgaris",6112,206,175,227,169
"Turdus merula",5223,303,118,273,147
"Parus major",1035,287,135,306,181
"Erithacus rubecula",2804,262,130,253,189
"Turdus merula",2151,297,124,269,156
"Sturnus vulgaris",1863,252,159,273,147
"Sturnus vulgaris",6045,208,169,232,162
"Sturnus vulgaris",1470,207,178,230,176
"Sturnus vulgaris",9566,227,166,246,159
"Erithacus rubecula",6,263,135,255,198
"Parus major",729,293,139,311,173
"Parus major",2722,303,122,319,153
"Carduelis carduelis",2249,255,128,322,168
"Parus major",8493,295,130,319,165
"Sturnus vulgaris",6052,237,153,249,141
"Passer domestius",6801,215,114,227,216
"Turdus merula",3619,295,112,261,153
"Carduelis carduelis",1398,244,122,314,153
"Turdus merula",4804,305,113,267,151
"Carduelis carduelis",7302,219,140,290,175
"Carduelis carduelis",2781,206,133,277,165
"Parus major",1116,272,106,296,145
"Carduelis carduelis",8600,254,119,326,161
"Erithacus rubecula",7105,242,132,231,189
"Passer domestius",9763,252,118,270,214
"Parus major",7417,294,111,317,151
"Passer domestius",3111,256,110,274,203
"Turdus merula",8631,279,124,253,164
"Turdus merula",4019,278,107,250,151
"Passer domestius",8913,234,116,255,217
"Sturnus vulgaris",4848,228,165,253,152
"Sturnus vulgaris",1488,248,155,268,146
"Passer domestius",8499,246,109,267,206
"Parus major",9682,294,98,313,137
"Parus major",4006,291,113,308,144
"Sturnus vulgaris",6355,230,171,259,155
"Erithacus rubecula",8138,269,106,261,171
"Sturnus vulgaris",9727,219,188,236,180
"Turdus merula",4278,297,110,260,156
"Parus major",1103,338,118,363,156
"Parus major",6252,307,119,333,155
"Turdus merula",1069,301,124,275,164
"Passer domestius",5178,237,131,260,221
"Parus major",9564,298,136,325,186
"Passer domestius",7634,246,104,263,189
"Passer domestius",9611,243,113,263,205
"Turdus merula",9078,274,122,241,163
"Erithacus rubecula",1441,258,120,254,188
"Sturnus vulgaris",2768,281,174,301,166
"Passer domestius",5026,259,125,272,220
"Erithacus rubecula",961,226,114,228,184
"Carduelis carduelis",3834,229,127,295,166
"Parus major",6393,287,109,303,148
"Sturnus vulgaris",1552,232,164,247,146
"Erithacus rubecula",7911,262,129,261,195
"Turdus merula",3056,267,102,241,133
"Passer domestius",6341,254,119,276,199
"Carduelis carduelis",5315,233,135,306,166
"Turdus merula",9476,253,114,226,158
"Passer domestius",3857,198,129,208,224
"Sturnus vulgaris",4977,215,160,235,162
"Sturnus vulgaris",8644,246,155,270,146
"Parus major",2037,275,126,288,172
"Turdus merula",3609,316,133,292,183
"Passer domestius",1267,236,133,259,243
"Carduelis carduelis",9167,225,139,294,183
"Sturnus vulgaris",663,214,168,237,178
"Turdus merula",186,279,126,243,169
"Erithacus rubecula",9388,255,106,255,163
"Erithacus rubecula",1039,279,139,276,190
"Turdus merula",7161,299,117,272,160
"Passer domestius",5271,248,132,274,217
"Passer domestius",8107,237,103,257,192
"Parus major",6630,285,125,309,166
"Passer domestius",9693,252,118,271,211
"Carduelis carduelis",1758,221,120,296,165
"Turdus merula",6675,288,114,252,153
"Carduelis carduelis",9343,245,108,322,141
"Turdus merula",4437,307,104,278,140
"Carduelis carduelis",3712,232,133,296,176
"Erithacus rubecula",6583,277,120,268,182
"Turdus merula",8341,281,128,251,171
"Carduelis carduelis",6560,226,94,299,124
"Parus major",502,305,123,335,154
"Turdus merula",989,282,133,252,170
"Passer domestius",3285,234,131,258,214
"Sturnus vulgaris",1635,245,177,259,171
"Carduelis carduelis",9281,246,125,318,169
"Turdus merula",2515,280,130,251,179
"Sturnus vulgaris",5930,237,157,256,132
"Passer domestius",2140,237,112,257,187
"Sturnus vulgaris",7353,230,183,251,172
"Passer domestius",1032,214,114,239,204
"Turdus merula",9893,296,135,265,179
"Parus major",1343,287,143,305,186
"Carduelis carduelis",5339,233,122,295,152
"Turdus merula",9251,272,117,238,161
"Sturnus vulgaris",8718,242,163,270,154
"Erithacus rubecula",9474,267,105,264,166
"Carduelis carduelis",8228,244,122,312,158
"Erithacus rubecula",2083,258,108,249,183
"Turdus merula",9030,275,122,245,170
"Parus major",4911,290,137,308,175
"Parus major",1987,292,107,318,158
"Turdus merula",6799,305,125,276,169
"Sturnus vulgaris",1773,227,179,252,161
"Parus major",7399,287,117,307,158
"Parus major",372,316,101,337,134
"Parus major",4346,301,131,324,171
"Turdus merula",8086,271,104,234,152
"Passer domestius",507,250,121,268,210
"Parus major",4538,287,120,309,159
"Passer domestius",9185,211,122,237,212
"Passer domestius",9305,206,121,226,199
"Sturnus vulgaris",3528,242,166,264,151
"Sturnus vulgaris",3981,215,179,236,162
"Erithacus rubecula",422,265,117,265,183
"Erithacus rubecula",264,252,125,250,178
"Sturnus vulgaris",4050,231,168,249,165
"Erithacus rubecula",5814,286,117,281,176
"Turdus merula",1570,302,106,285,153
"Sturnus vulgaris",9912,215,170,235,150
"Passer domestius",3279,231,110,262,209
"Turdus merula",6907,275,130,244,174
"Sturnus vulgaris",4874,228,165,238,144
"Turdus merula",5139,286,133,249,169
"Parus major",5009,282,128,291,161
"Parus major",4271,316,130,333,169
"Carduelis carduelis",7475,230,118,296,163
"Passer domestius",4695,263,124,283,205
"Parus major",1571,294,121,317,159
"Sturnus vulgaris",2047,209,157,235,140
"Carduelis carduelis",1494,240,136,308,176
"Parus major",7490,291,137,310,179
"Erithacus rubecula",9824,249,107,242,168
"Turdus merula",4027,317,130,282,176
"Erithacus rubecula",8499,261,102,259,175
"Sturnus vulgaris",182,238,165,252,149
"Sturnus vulgaris",5681,253,158,268,142
"Sturnus vulgaris",9586,222,170,245,166
"Erithacus rubecula",1889,264,110,259,184
"Parus major",5790,276,124,297,165
"Carduelis carduelis",3208,280,120,356,160
"Sturnus vulgaris",7301,230,157,259,156
"Passer domestius",1038,240,140,257,227
"Passer domestius",9545,196,134,214,220
"Parus major",9006,302,138,327,176
"Turdus merula",9123,312,140,283,182
"Erithacus rubecula",1916,270,116,264,178
"Carduelis carduelis",4992,224,119,295,156
"Passer domestius",7513,237,118,254,199
"Sturnus vulgaris",8197,252,162,281,153
"Passer domestius",5039,258,129,280,214
"Erithacus rubecula",5051,275,114,269,177
"Sturnus vulgaris",4358,254,175,265,162
"Sturnus vulgaris",86,234,174,245,167
"Carduelis carduelis",9600,255,114,321,145
"Passer domestius",2259,241,139,263,223
"Passer domestius",9444,244,131,263,215
"Parus major",9312,300,137,320,181
"Turdus merula",2389,305,113,275,144
"Passer domestius",8512,236,135,252,225
"Carduelis carduelis",5088,260,106,335,148
"Passer domestius",4655,225,129,251,218
"Passer domestius",4530,232,134,259,227
"Sturnus vulgaris",754,241,168,261,163
"Turdus merula",3627,279,135,244,186
"Passer domestius",6897,244,132,276,228
"Passer domestius",1383,246,118,256,205
"Carduelis carduelis",8148,238,113,312,157
"Erithacus rubecula",9973,260,128,252,217
"Turdus merula",6656,269,109,232,137
"Sturnus vulgaris",7006,225,155,251,145
"Parus major",2872,303,127,321,174
"Turdus merula",811,330,117,297,156
"Erithacus rubecula",6121,272,116,272,186
"Sturnus vulgaris",5498,240,185,256,170
"Turdus merula",2841,300,121,273,164
"Parus major",2727,275,105,288,144
"Erithacus rubecula",7242,251,129,249,201
"Passer domestius",9270,252,131,268,222
"Sturnus vulgaris",419,247,171,259,154
"Passer domestius",6473,253,121,268,217
"Passer domestius",6747,249,140,264,227
"Carduelis carduelis",114,238,123,316,153
"Parus major",9159,302,107,329,134
"Passer domestius",3272,258,141,281,232
"Parus major",6262,265,123,280,158
"Carduelis carduelis",3560,213,131,282,176
"Turdus merula",1612,286,131,257,167
"Carduelis carduelis",5823,229,120,294,158
"Sturnus vulgaris",7318,243,170,266,153
"Passer domestius",2275,231,120,250,215
"Erithacus rubecula",2656,263,126,261,189
"Turdus merula",5701,265,112,232,160
"Turdus merula",9655,260,133,225,167
"Parus major",4279,275,138,297,184
"Passer domestius",8047,232,132,252,230
"Erithacus rubecula",3567,270,123,270,191
"Parus major",4042,300,130,326,170
"Passer domestius",6296,237,113,252,204
"Passer domestius",882,243,129,263,216
"Turdus merula",5585,268,124,233,160
"Turdus merula",5775,277,124,243,163
"Parus major",5734,274,126,293,159
"Erithacus rubecula",2088,302,114,298,190
"Passer domestius",5090,249,108,268,207
"Erithacus rubecula",2521,300,139,293,215
"Passer domestius",3434,237,120,258,211
"Passer domestius",6644,239,114,255,205
"Turdus merula",5958,294,125,260,161
"Turdus merula",3687,288,115,259,158
"Turdus merula",5841,285,111,253,150
"Passer domestius",4728,224,112,251,207
"Turdus merula",8027,261,105,237,142
"Passer domestius",965,241,127,263,238
"Carduelis carduelis",6193,231,129,302,160
"Erithacus rubecula",5504,246,108,243,171
"Sturnus vulgaris",6994,263,154,281,155
"Carduelis carduelis",5461,242,114,323,155
"Turdus merula",8339,324,131,295,165
"Sturnus vulgaris",1373,242,167,260,168
"Passer domestius",7240,238,110,264,215
"Turdus merula",8526,287,114,256,162
"Sturnus vulgaris",4633,259,175,277,172
"Sturnus vulgaris",4671,258,173,277,165
"Carduelis carduelis",9332,220,136,286,181
"Sturnus vulgaris",1382,246,162,272,154
"Carduelis carduelis",536,243,132,310,184
"Carduelis carduelis",790,210,117,278,165
"Passer domestius",3489,200,113,220,200
"Parus major",7989,324,111,344,158
"Erithacus rubecula",3634,246,146,235,219
"Parus major",4897,266,128,293,164
"Parus major",8476,306,128,323,174
"Parus major",8860,294,109,316,162
"Turdus merula",4722,316,120,293,166
"Erithacus rubecula",7259,268,147,268,215
"Turdus merula",9112,293,130,253,166
"Carduelis carduelis",6088,216,118,284,159
"Passer domestius",534,227,136,256,224
"Passer domestius",6638,242,117,263,208
"Turdus merula",5796,295,121,270,157
"Carduelis carduelis",8321,207,125,279,171
"Passer domestius",3485,248,126,267,217
"Erithacus rubecula",3111,255,126,253,183
"Parus major",22,323,129,337,161
"Passer domestius",1560,217,120,232,202
"Sturnus vulgaris",9297,226,176,240,165
"Passer domestius",3894,233,106,250,199
"Parus major",8371,275,130,294,176
"Parus major",481,282,103,303,134
"Turdus merula",6808,276,126,247,168
"Carduelis carduelis",5902,235,114,304,149
"Erithacus rubecula",6963,285,127,281,193
"Sturnus vulgaris",7282,233,186,255,178
"Carduelis carduelis",5275,242,122,315,156
"Passer domestius",9228,246,132,266,223
"Passer domestius",4335,241,105,258,191
"Passer domestius",2815,240,107,260,204
"Turdus merula",8437,290,121,261,168
"Sturnus vulgaris",1917,220,155,237,137
"Passer domestius",44,253,133,268,220
"Sturnus vulgaris",8684,248,174,273,170
"Erithacus rubecula",6528,267,134,262,194
"Turdus merula",3021,277,111,251,158
"Turdus merula",6400,302,123,275,154
"Turdus merula",7346,287,110,261,145
"Parus major",6810,285,134,303,177
"Parus major",8678,264,124,282,163
"Turdus merula",9139,290,137,257,167
"Passer domestius",2136,240,107,255,194
"Passer domestius",1498,231,111,257,206
"Passer domestius",3266,226,126,245,226
"Sturnus vulgaris",6776,244,156,270,144
"Erithacus rubecula",8048,273,111,265,171
"Carduelis carduelis",8553,225,126,287,177
"Parus major",5179,295,114,320,147
"Sturnus vulgaris",80,247,170,265,153
"Sturnus vulgaris",1090,258,176,275,179
"Carduelis carduelis",1602,252,120,331,167
"Erithacus rubecula",5375,265,132,255,207
"Passer domestius",5546,233,119,250,219
"Erithacus rubecula",4738,295,126,286,194
"Passer domestius",2951,278,121,299,204
"Carduelis carduelis",4553,234,113,308,154
"Erithacus rubecula",684,267,107,256,169
"Sturnus vulgaris",8730,242,172,264,157
"Erithacus rubecula",3278,260,94,248,153
"Erithacus rubecula",4585,254,132,248,189
"Parus major",8834,309,132,329,169
"Passer domestius",5466,221,131,240,217
"Carduelis carduelis",8876,230,115,296,159
"Parus major",2687,289,130,312,168
"Turdus merula",7023,303,128,275,166
"Passer domestius",3918,227,116,243,213
"Erithacus rubecula",4566,311,136,306,206
"Turdus merula",837,273,134,239,170
"Parus major",8930,315,118,328,150
"Carduelis carduelis",7767,230,106,298,139
"Sturnus vulgaris",3146,224,159,251,156
"Turdus merula",3633,307,122,279,162
"Sturnus vulgaris",3842,231,167,249,170
"Erithacus rubecula",4487,280,129,276,186
"Sturnus vulgaris",505,233,163,254,160
"Turdus merula",9025,259,120,225,163
"Erithacus rubecula",7940,252,138,250,206
"Turdus merula",800,273,131,249,173
"Sturnus vulgaris",716,226,161,245,171
"Parus major",709,293,113,310,160
"Erithacus rubecula",3017,287,97,279,169
"Carduelis carduelis",2909,239,115,311,150
"Carduelis carduelis",330,243,126,314,159
"Sturnus vulgaris",2794,223,172,235,162
"Sturnus vulgaris",605,231,167,264,148
"Carduelis carduelis",7250,222,127,296,163
"Passer domestius",9029,222,122,241,210
"Parus major",644,276,113,286,163
"Turdus merula",1473,270,117,240,148
"Passer domestius",3174,262,134,285,226
"Erithacus rubecula",5953,257,111,262,175
"Erithacus rubecula",9538,262,128,252,189
"Passer domestius",5577,225,138,245,220
"Passer domestius",2053,239,120,253,212
"Carduelis carduelis",5022,238,131,304,177
"Carduelis carduelis",7894,261,141,333,192
"Turdus merula",6015,316,113,292,162
"Carduelis carduelis",4857,266,133,331,183
"Erithacus rubecula",1999,248,117,241,181
"Passer domestius",8647,230,111,252,187
"Carduelis carduelis",6366,245,126,315,154
"Passer domestius",3867,256,117,285,207
"Passer domestius",8793,226,115,257,200
"Erithacus rubecula",2757,270,126,271,183
"Parus major",3616,294,123,327,159
"Passer domestius",1417,222,101,241,198
"Carduelis carduelis",3532,236,98,303,130
"Carduelis carduelis",5996,244,112,320,144
"Carduelis carduelis",5974,242,119,312,165
"Sturnus vulgaris",3196,263,153,279,133
"Erithacus rubecula",1497,248,115,244,181
"Sturnus vulgaris",2244,210,181,225,173
"Carduelis carduelis",3707,217,127,287,170
"Passer domestius",910,224,122,247,222
"Erithacus rubecula",6382,283,110,273,170
"Passer domestius",5002,235,131,250,228
"Parus major",9959,295,109,318,149
"Turdus merula",9263,319,110,281,158
"Passer domestius",7189,241,111,257,197
"Parus major",5939,314,116,331,157
"Turdus merula",2581,280,111,247,149
"Parus major",6111,286,117,313,153
"Carduelis carduelis",6116,230,130,297,163
"Sturnus vulgaris",996,230,186,254,184
"Parus major",6076,266,112,289,142
"Passer domestius",6434,214,121,237,209
"Parus major",3507,287,103,311,134
"Erithacus rubecula",945,278,150,265,205
"Parus major",2076,308,143,324,192
"Passer domestius",5167,226,141,245,229
"Passer domestius",2358,211,100,233,181
"Carduelis carduelis",2412,264,131,334,175
"Carduelis carduelis",2382,233,130,303,176
"Passer domestius",1793,222,113,237,205
"Erithacus rubecula",5379,269,117,268,191
"Carduelis carduelis",8590,244,103,319,151
"Sturnus vulgaris",1030,242,177,261,170
"Parus major",6268,296,118,318,157
"Erithacus rubecula",3289,257,106,258,173
"Passer domestius",358,253,124,277,224
"Carduelis carduelis",1236,244,113,307,155
"Parus major",2653,294,117,309,149
"Erithacus rubecula",1119,278,113,279,180
"Parus major",1941,282,112,307,146
"Turdus merula",1954,256,111,229,150
"Erithacus rubecula",8209,243,125,232,199
"Carduelis carduelis",5098,236,102,304,135
"Turdus merula",6740,287,131,255,169
"Erithacus rubecula",6988,278,124,275,184
"Carduelis carduelis",8096,255,100,323,134
"Sturnus vulgaris",2497,264,169,297,160
"Turdus merula",9963,285,133,256,190
"Erithacus rubecula",4072,254,133,243,195
"Sturnus vulgaris",8013,218,187,228,168
"Sturnus vulgaris",9441,254,153,277,147
"Carduelis carduelis",7843,213,100,284,141
"Passer domestius",5348,199,116,226,207
"Passer domestius",8282,230,122,250,208
"Parus major",3714,292,103,313,143
"Erithacus rubecula",8442,236,123,234,180
"Erithacus rubecula",3740,269,149,260,218
"Erithacus rubecula",1238,271,112,273,178
"Erithacus rubecula",5803,279,107,266,170
"Turdus merula",9521,273,91,239,137
"Turdus merula",2270,308,110,287,165
"Turdus merula",8855,292,119,265,166
"Carduelis carduelis",1821,217,121,289,164
"Erithacus rubecula",9299,255,127,251,191
"Parus major",7671,309,123,332,157
"Passer domestius",5147,246,116,273,201
"Sturnus vulgaris",7611,237,162,266,142
"Carduelis carduelis",4139,246,130,307,184
"Sturnus vulgaris",7159,239,180,256,168
"Passer domestius",1156,255,123,279,212
"Carduelis carduelis",1423,202,101,274,134
"Parus major",2352,263,147,277,184
"Erithacus rubecula",6907,265,102,251,182
"Turdus merula",7481,286,117,257,160
"Passer domestius",7758,276,124,303,214
"Parus major",3987,276,138,291,173
"Carduelis carduelis",1636,233,125,305,159
"Parus major",5506,265,102,284,137
"Turdus merula",7037,297,129,265,158
"Carduelis carduelis",9094,265,134,337,175
"Parus major",4966,308,137,326,168
"Erithacus rubecula",8727,309,135,298,196
"Parus major",7479,282,128,304,167
"Erithacus rubecula",8628,253,114,243,179
"Erithacus rubecula",2494,251,99,241,161
"Erithacus rubecula",2255,259,107,256,178
"Erithacus rubecula",8336,266,126,259,191
"Parus major",2280,293,115,314,157
"Turdus merula",795,298,96,267,137
"Sturnus vulgaris",808,246,172,272,154
"Sturnus vulgaris",2054,237,175,261,167
"Turdus merula",2293,277,127,248,164
"Turdus merula",5627,267,117,232,163
"Sturnus vulgaris",9481,267,168,287,152
"Sturnus vulgaris",3032,219,176,237,165
"Passer domestius",5327,237,107,259,195
"Erithacus rubecula",8507,254,137,246,205
"Carduelis carduelis",8636,242,114,307,151
"Parus major",812,301,108,323,152
"Erithacus rubecula",7745,277,139,263,209
"Sturnus vulgaris",4268,253,178,271,168
"Erithacus rubecula",6290,242,135,230,198
"Parus major",7793,311,120,327,164
"Parus major",3915,285,128,309,170
"Carduelis carduelis",2904,201,116,269,155
"Passer domestius",7599,219,105,238,207
"Carduelis carduelis",3730,265,128,342,169
"Passer domestius",7532,217,112,246,201
"Sturnus vulgaris",1246,245,169,266,167
"Passer domestius",5822,207,103,226,202
"Carduelis carduelis",1111,262,106,333,136
"Turdus merula",277,308,111,285,141
"Parus major",4983,331,119,355,154
"Turdus merula",7303,329,111,308,140
"Sturnus vulgaris",5919,275,152,292,141
"Erithacus rubecula",2007,260,117,251,180
"Passer domestius",870,260,109,288,191
"Turdus merula",7670,306,125,285,159
"Parus major",8765,302,154,322,202
"Sturnus vulgaris",8807,241,154,259,156
"Turdus merula",5891,281,115,247,163
"Parus major",1434,280,105,298,157
"Carduelis carduelis",3203,232,111,305,147
"Turdus merula",9209,287,121,257,172
"Erithacus rubecula",2777,258,135,262,197
"Passer domestius",5221,247,122,263,204
"Passer domestius",6571,259,135,280,218
"Parus major",2892,315,128,336,173
"Turdus merula",7128,281,114,251,156
"Parus major",7751,282,115,310,148
"Sturnus vulgaris",1789,255,169,283,148
"Sturnus vulgaris",4443,239,149,257,151
"Sturnus vulgaris",5814,225,170,249,156
"Sturnus vulgaris",953,239,175,265,169
"Parus major",5345,293,128,319,157
"Sturnus vulgaris",6838,218,168,237,163
"Carduelis carduelis",984,233,104,303,141
"Erithacus rubecula",2892,284,116,274,186
"Sturnus vulgaris",1211,269,186,292,177
"Carduelis carduelis",7506,229,114,297,159
"Passer domestius",2108,235,106,259,190
"Carduelis carduelis",2837,246,120,315,162
"Passer domestius",2137,254,120,265,207
"Carduelis carduelis",3437,225,116,295,165
"Erithacus rubecula",6928,251,118,245,174
"Passer domestius",3389,247,140,263,228
"Erithacus rubecula",8374,245,136,243,200
"Erithacus rubecula",7353,253,114,248,176
"Turdus merula",1038,300,106,275,148
"Parus major",3660,295,120,309,157
"Carduelis carduelis",3574,244,115,315,153
"Erithacus rubecula",391,253,114,247,186
"Turdus merula",5584,292,109,262,153
"Sturnus vulgaris",1055,246,168,268,156
"Passer domestius",3597,233,113,252,206
"Erithacus rubecula",3741,287,118,272,177
"Parus major",5721,307,123,323,168
"Parus major",1121,307,107,330,149
"Erithacus rubecula",1927,287,123,285,185
"Carduelis carduelis",1590,240,125,309,174
"Turdus merula",2874,292,121,271,158
"Parus major",7655,305,116,324,160
"Carduelis carduelis",8819,252,121,319,163
"Carduelis carduelis",3319,250,110,313,151
"Erithacus rubecula",3203,249,103,246,168
"Erithacus rubecula",3266,274,101,267,170
"Sturnus vulgaris",2508,242,154,266,149
"Erithacus rubecula",8379,278,131,276,197
"Turdus merula",865,309,114,277,157
"Erithacus rubecula",7607,281,121,271,179
"Sturnus vulgaris",9288,255,140,274,133
"Carduelis carduelis",350,227,121,291,148
"Erithacus rubecula",1266,243,109,238,167
"Turdus merula",2772,317,116,293,150
"Turdus merula",4181,296,127,259,161
"Passer domestius",6685,241,124,254,213
"Passer domestius",1286,247,125,276,214
"Passer domestius",9390,252,117,267,213
"Erithacus rubecula",2707,259,128,257,193
"Turdus merula",2159,292,121,262,163
"Sturnus vulgaris",2216,241,156,264,141
"Passer domestius",4706,222,132,243,217
"Sturnus vulgaris",3908,236,189,261,170
"Carduelis carduelis",6103,229,129,310,173
"Erithacus rubecula",9007,262,115,251,168
"Sturnus vulgaris",1501,227,179,250,174
"Parus major",8564,286,129,301,168
"Parus major",2605,289,126,317,165
"Carduelis carduelis",5228,228,106,306,145
"Passer domestius",6862,234,95,254,185
"Erithacus rubecula",441,290,131,290,195
"Turdus merula",2902,322,110,289,146
"Turdus merula",344,297,117,271,161
"Sturnus vulgaris",7589,242,187,265,175
"Erithacus rubecula",9372,274,106,262,168
